UserID,Code,Name,Email,PhoneNumber,Role,DepartmentID
1,USER001,User 1,user1@example.com,08682118192,Tendik,5
2,USER002,User 2,user2@example.com,08106250408,Requester,5
3,USER003,User 3,user3@example.com,08141180462,SarprasApprover,5
4,USER004,User 4,user4@example.com,08149738475,SarprasApprover,3
5,USER005,User 5,user5@example.com,08767175618,Requester,1
6,USER006,User 6,user6@example.com,08149601382,Tendik,5
7,USER007,User 7,user7@example.com,08792451387,SarprasApprover,3
8,USER008,User 8,user8@example.com,08958529280,Requester,2
9,USER009,User 9,user9@example.com,08538104677,Tendik,5
10,USER010,User 10,user10@example.com,08542546187,SarprasApprover,5
